year,game_id,date,home_team,away_team,venue
2020,2020_0,Round 1,Fremantle,Western Bulldogs,TIO Stadium
2020,2020_1,Round 2,Geelong,Richmond,Adelaide Oval
2020,2020_2,Round 3,Port Adelaide,Sydney Swans,MCG
2020,2020_3,Round 4,GWS Giants,Geelong,Manuka Oval
2020,2020_4,Round 5,Port Adelaide,Geelong,Manuka Oval
2020,2020_5,Round 6,Fremantle,GWS Giants,Metricon Stadium
2020,2020_6,Round 7,Melbourne,Fremantle,Manuka Oval
2020,2020_7,Round 8,St Kilda,Brisbane Lions,SCG
2020,2020_8,Round 9,Richmond,St Kilda,Blundstone Arena
2020,2020_9,Round 10,Hawthorn,Western Bulldogs,Metricon Stadium
2020,2020_10,Round 11,Collingwood,GWS Giants,TIO Stadium
2020,2020_11,Round 12,Melbourne,Sydney Swans,Metricon Stadium
2020,2020_12,Round 13,Adelaide Crows,West Coast Eagles,Gabba
2020,2020_13,Round 14,West Coast Eagles,St Kilda,Gabba
2020,2020_14,Round 15,Sydney Swans,Adelaide Crows,SCG
2020,2020_15,Round 16,West Coast Eagles,Carlton,GMHBA Stadium
2020,2020_16,Round 17,Fremantle,Essendon,Metricon Stadium
2020,2020_17,Round 18,Brisbane Lions,Carlton,MCG
2020,2020_18,Round 19,Fremantle,North Melbourne,Gabba
2020,2020_19,Round 20,Brisbane Lions,Fremantle,Gabba
2020,2020_20,Round 21,Brisbane Lions,Western Bulldogs,Marvel Stadium
2020,2020_21,Round 22,Sydney Swans,Melbourne,TIO Stadium
2020,2020_22,Round 23,Brisbane Lions,Adelaide Crows,GMHBA Stadium
2020,2020_23,Round 1,Western Bulldogs,Port Adelaide,SCG
2020,2020_24,Round 2,Gold Coast Suns,Geelong,Blundstone Arena
2020,2020_25,Round 3,Western Bulldogs,Fremantle,TIO Stadium
2020,2020_26,Round 4,Fremantle,Richmond,Gabba
2020,2020_27,Round 5,GWS Giants,Gold Coast Suns,GMHBA Stadium
2020,2020_28,Round 6,GWS Giants,Hawthorn,Blundstone Arena
2020,2020_29,Round 7,Collingwood,Melbourne,Blundstone Arena
2020,2020_30,Round 8,Carlton,West Coast Eagles,GMHBA Stadium
2020,2020_31,Round 9,Essendon,West Coast Eagles,Gabba
2020,2020_32,Round 10,West Coast Eagles,Collingwood,Blundstone Arena
2020,2020_33,Round 11,West Coast Eagles,Hawthorn,Gabba
2020,2020_34,Round 12,Sydney Swans,Collingwood,Adelaide Oval
2020,2020_35,Round 13,St Kilda,Geelong,SCG
2020,2020_36,Round 14,GWS Giants,Richmond,GMHBA Stadium
2020,2020_37,Round 15,Fremantle,Adelaide Crows,Manuka Oval
2020,2020_38,Round 16,Gold Coast Suns,GWS Giants,TIO Stadium
2020,2020_39,Round 17,Western Bulldogs,Collingwood,Gabba
2020,2020_40,Round 18,Port Adelaide,Richmond,Gabba
2020,2020_41,Round 19,Fremantle,Carlton,Adelaide Oval
2020,2020_42,Round 20,Carlton,Hawthorn,Metricon Stadium
2020,2020_43,Round 21,Essendon,Port Adelaide,GMHBA Stadium
2020,2020_44,Round 22,GWS Giants,Collingwood,Manuka Oval
2020,2020_45,Round 23,Gold Coast Suns,Brisbane Lions,Adelaide Oval
2020,2020_46,Round 1,GWS Giants,Essendon,Metricon Stadium
2020,2020_47,Round 2,Richmond,Fremantle,Adelaide Oval
2020,2020_48,Round 3,Melbourne,Collingwood,SCG
2020,2020_49,Round 4,Carlton,Gold Coast Suns,Adelaide Oval
2020,2020_50,Round 5,GWS Giants,West Coast Eagles,GMHBA Stadium
2020,2020_51,Round 6,Brisbane Lions,Gold Coast Suns,Gabba
2020,2020_52,Round 7,Collingwood,Hawthorn,SCG
2020,2020_53,Round 8,Port Adelaide,Hawthorn,Manuka Oval
2020,2020_54,Round 9,Brisbane Lions,Gold Coast Suns,SCG
2020,2020_55,Round 10,Essendon,Port Adelaide,Manuka Oval
2020,2020_56,Round 11,Fremantle,Brisbane Lions,MCG
2020,2020_57,Round 12,Hawthorn,Richmond,Marvel Stadium
2020,2020_58,Round 13,Essendon,GWS Giants,Marvel Stadium
2020,2020_59,Round 14,Fremantle,Collingwood,GMHBA Stadium
2020,2020_60,Round 15,Collingwood,Essendon,Marvel Stadium
2020,2020_61,Round 16,Adelaide Crows,Essendon,Gabba
2020,2020_62,Round 17,Fremantle,Brisbane Lions,MCG
2020,2020_63,Round 18,Hawthorn,Carlton,MCG
2020,2020_64,Round 19,Hawthorn,Sydney Swans,Manuka Oval
2020,2020_65,Round 20,Brisbane Lions,Western Bulldogs,SCG
2020,2020_66,Round 21,Western Bulldogs,Geelong,MCG
2020,2020_67,Round 22,North Melbourne,Melbourne,MCG
2020,2020_68,Round 23,Fremantle,Collingwood,Adelaide Oval
2020,2020_69,Round 1,Sydney Swans,Gold Coast Suns,Manuka Oval
2020,2020_70,Round 2,Melbourne,Gold Coast Suns,Adelaide Oval
2020,2020_71,Round 3,Fremantle,Richmond,TIO Stadium
2020,2020_72,Round 4,West Coast Eagles,Sydney Swans,MCG
2020,2020_73,Round 5,Geelong,Brisbane Lions,Manuka Oval
2020,2020_74,Round 6,North Melbourne,West Coast Eagles,Gabba
2020,2020_75,Round 7,Collingwood,North Melbourne,GMHBA Stadium
2020,2020_76,Round 8,Geelong,Brisbane Lions,Gabba
2020,2020_77,Round 9,Essendon,GWS Giants,MCG
2020,2020_78,Round 10,Sydney Swans,Collingwood,Marvel Stadium
2020,2020_79,Round 11,GWS Giants,Western Bulldogs,Metricon Stadium
2020,2020_80,Round 12,North Melbourne,Carlton,Metricon Stadium
2020,2020_81,Round 13,Carlton,Gold Coast Suns,Blundstone Arena
2020,2020_82,Round 14,Richmond,Port Adelaide,Blundstone Arena
2020,2020_83,Round 15,Western Bulldogs,Brisbane Lions,Gabba
2020,2020_84,Round 16,Brisbane Lions,GWS Giants,MCG
2020,2020_85,Round 17,Melbourne,Port Adelaide,Marvel Stadium
2020,2020_86,Round 18,Western Bulldogs,Essendon,SCG
2020,2020_87,Round 19,Port Adelaide,Western Bulldogs,Blundstone Arena
2020,2020_88,Round 20,St Kilda,Richmond,Gabba
2020,2020_89,Round 21,Collingwood,Geelong,GMHBA Stadium
2020,2020_90,Round 22,West Coast Eagles,Brisbane Lions,TIO Stadium
2020,2020_91,Round 23,Fremantle,GWS Giants,GMHBA Stadium
2020,2020_92,Round 1,Richmond,Melbourne,Manuka Oval
2020,2020_93,Round 2,Brisbane Lions,West Coast Eagles,TIO Stadium
2020,2020_94,Round 3,Geelong,Collingwood,MCG
2020,2020_95,Round 4,Port Adelaide,West Coast Eagles,Marvel Stadium
2020,2020_96,Round 5,Gold Coast Suns,North Melbourne,Metricon Stadium
2020,2020_97,Round 6,Adelaide Crows,Fremantle,TIO Stadium
2020,2020_98,Round 7,Richmond,Essendon,TIO Stadium
2020,2020_99,Round 8,Carlton,Fremantle,GMHBA Stadium
2020,2020_100,Round 9,St Kilda,Carlton,Blundstone Arena
2020,2020_101,Round 10,Western Bulldogs,Richmond,TIO Stadium
2020,2020_102,Round 11,Fremantle,Hawthorn,Manuka Oval
2020,2020_103,Round 12,Fremantle,Essendon,MCG
2020,2020_104,Round 13,Carlton,Collingwood,Manuka Oval
2020,2020_105,Round 14,Port Adelaide,Richmond,Adelaide Oval
2020,2020_106,Round 15,Carlton,GWS Giants,Blundstone Arena
2020,2020_107,Round 16,Fremantle,North Melbourne,Metricon Stadium
2020,2020_108,Round 17,Western Bulldogs,Brisbane Lions,Adelaide Oval
2020,2020_109,Round 18,Carlton,Gold Coast Suns,Marvel Stadium
2020,2020_110,Round 19,Hawthorn,Melbourne,Adelaide Oval
2020,2020_111,Round 20,Adelaide Crows,Richmond,SCG
2020,2020_112,Round 21,Geelong,Carlton,Adelaide Oval
2020,2020_113,Round 22,Essendon,GWS Giants,Blundstone Arena
2020,2020_114,Round 23,Hawthorn,GWS Giants,MCG
2020,2020_115,Round 1,GWS Giants,Carlton,Marvel Stadium
2020,2020_116,Round 2,Western Bulldogs,Fremantle,Blundstone Arena
2020,2020_117,Round 3,Collingwood,Richmond,Manuka Oval
2020,2020_118,Round 4,Hawthorn,Port Adelaide,SCG
2020,2020_119,Round 5,Geelong,Hawthorn,Gabba
2020,2020_120,Round 6,Brisbane Lions,GWS Giants,Manuka Oval
2020,2020_121,Round 7,GWS Giants,Western Bulldogs,Manuka Oval
2020,2020_122,Round 8,Brisbane Lions,Gold Coast Suns,TIO Stadium
2020,2020_123,Round 9,Geelong,Sydney Swans,Blundstone Arena
2020,2020_124,Round 10,Carlton,Brisbane Lions,Blundstone Arena
2020,2020_125,Round 11,GWS Giants,Carlton,SCG
2020,2020_126,Round 12,North Melbourne,Carlton,Metricon Stadium
2020,2020_127,Round 13,Gold Coast Suns,Adelaide Crows,MCG
2020,2020_128,Round 14,Port Adelaide,Brisbane Lions,Adelaide Oval
2020,2020_129,Round 15,North Melbourne,GWS Giants,GMHBA Stadium
2020,2020_130,Round 16,Gold Coast Suns,Richmond,TIO Stadium
2020,2020_131,Round 17,Collingwood,Fremantle,TIO Stadium
2020,2020_132,Round 18,Hawthorn,Western Bulldogs,Metricon Stadium
2020,2020_133,Round 19,Richmond,Port Adelaide,Marvel Stadium
2020,2020_134,Round 20,Essendon,Richmond,MCG
2020,2020_135,Round 21,Port Adelaide,Adelaide Crows,TIO Stadium
2020,2020_136,Round 22,Sydney Swans,Western Bulldogs,Gabba
2020,2020_137,Round 23,Essendon,Port Adelaide,Adelaide Oval
2020,2020_138,Round 1,Port Adelaide,St Kilda,Gabba
2020,2020_139,Round 2,Western Bulldogs,Richmond,Metricon Stadium
2020,2020_140,Round 3,Carlton,Fremantle,Blundstone Arena
2020,2020_141,Round 4,Adelaide Crows,Hawthorn,Manuka Oval
2020,2020_142,Round 5,Fremantle,Gold Coast Suns,Marvel Stadium
2020,2020_143,Round 6,West Coast Eagles,North Melbourne,Blundstone Arena
2020,2020_144,Round 7,Richmond,Collingwood,MCG
2020,2020_145,Round 8,Richmond,Fremantle,Marvel Stadium
2020,2020_146,Round 9,North Melbourne,Adelaide Crows,Metricon Stadium
2020,2020_147,Round 10,Port Adelaide,Collingwood,Blundstone Arena
2020,2020_148,Round 11,Geelong,Port Adelaide,TIO Stadium
2020,2020_149,Round 12,Melbourne,Geelong,GMHBA Stadium
2020,2020_150,Round 13,St Kilda,Carlton,TIO Stadium
2020,2020_151,Round 14,Adelaide Crows,Hawthorn,Metricon Stadium
2020,2020_152,Round 15,Carlton,Essendon,GMHBA Stadium
2020,2020_153,Round 16,Richmond,Hawthorn,SCG
2020,2020_154,Round 17,Carlton,Brisbane Lions,GMHBA Stadium
2020,2020_155,Round 18,Fremantle,Hawthorn,Gabba
2020,2020_156,Round 19,GWS Giants,Brisbane Lions,Gabba
2020,2020_157,Round 20,Essendon,Geelong,TIO Stadium
2020,2020_158,Round 21,Richmond,North Melbourne,Manuka Oval
2020,2020_159,Round 22,Brisbane Lions,Fremantle,TIO Stadium
2020,2020_160,Round 23,Essendon,Collingwood,Adelaide Oval
2020,2020_161,Round 1,Sydney Swans,Richmond,GMHBA Stadium
2020,2020_162,Round 2,Adelaide Crows,Western Bulldogs,MCG
2020,2020_163,Round 3,Port Adelaide,Fremantle,MCG
2020,2020_164,Round 4,Port Adelaide,Melbourne,Adelaide Oval
2020,2020_165,Round 5,St Kilda,Port Adelaide,Manuka Oval
2020,2020_166,Round 6,GWS Giants,Carlton,GMHBA Stadium
2020,2020_167,Round 7,Brisbane Lions,Fremantle,GMHBA Stadium
2020,2020_168,Round 8,Adelaide Crows,Hawthorn,Marvel Stadium
2020,2020_169,Round 9,Richmond,Port Adelaide,MCG
2020,2020_170,Round 10,Essendon,Port Adelaide,Marvel Stadium
2020,2020_171,Round 11,Gold Coast Suns,Hawthorn,Marvel Stadium
2020,2020_172,Round 12,Adelaide Crows,Western Bulldogs,Gabba
2020,2020_173,Round 13,St Kilda,Port Adelaide,GMHBA Stadium
2020,2020_174,Round 14,Adelaide Crows,Gold Coast Suns,GMHBA Stadium
2020,2020_175,Round 15,St Kilda,Gold Coast Suns,Blundstone Arena
2020,2020_176,Round 16,Port Adelaide,West Coast Eagles,Metricon Stadium
2020,2020_177,Round 17,Carlton,Sydney Swans,Adelaide Oval
2020,2020_178,Round 18,Melbourne,Port Adelaide,Blundstone Arena
2020,2020_179,Round 19,Western Bulldogs,West Coast Eagles,TIO Stadium
2020,2020_180,Round 20,Collingwood,Adelaide Crows,SCG
2020,2020_181,Round 21,Melbourne,Gold Coast Suns,Blundstone Arena
2020,2020_182,Round 22,Gold Coast Suns,Brisbane Lions,Gabba
2020,2020_183,Round 23,Fremantle,North Melbourne,Adelaide Oval
2020,2020_184,Round 1,Melbourne,Sydney Swans,Metricon Stadium
2020,2020_185,Round 2,Sydney Swans,Melbourne,SCG
2020,2020_186,Round 3,Adelaide Crows,West Coast Eagles,Gabba
2020,2020_187,Round 4,Carlton,Sydney Swans,Marvel Stadium
2020,2020_188,Round 5,Fremantle,Richmond,GMHBA Stadium
2020,2020_189,Round 6,Brisbane Lions,Carlton,SCG
2020,2020_190,Round 7,Brisbane Lions,Western Bulldogs,Metricon Stadium
2020,2020_191,Round 8,Melbourne,Gold Coast Suns,TIO Stadium
2020,2020_192,Round 9,Richmond,Sydney Swans,SCG
2020,2020_193,Round 10,Fremantle,Sydney Swans,Metricon Stadium
2020,2020_194,Round 11,Carlton,GWS Giants,Adelaide Oval
2020,2020_195,Round 12,Carlton,Melbourne,Gabba
2020,2020_196,Round 13,Collingwood,Richmond,Gabba
2020,2020_197,Round 14,Sydney Swans,Collingwood,TIO Stadium
2020,2020_198,Round 15,West Coast Eagles,St Kilda,Manuka Oval
2020,2020_199,Round 16,Collingwood,Richmond,MCG
2021,2021_0,Round 1,Sydney Swans,Hawthorn,MCG
2021,2021_1,Round 2,Richmond,Gold Coast Suns,GMHBA Stadium
2021,2021_2,Round 3,Geelong,Sydney Swans,SCG
2021,2021_3,Round 4,Carlton,Gold Coast Suns,Manuka Oval
2021,2021_4,Round 5,Sydney Swans,St Kilda,Blundstone Arena
2021,2021_5,Round 6,North Melbourne,Essendon,Manuka Oval
2021,2021_6,Round 7,Essendon,Hawthorn,MCG
2021,2021_7,Round 8,Fremantle,Geelong,MCG
2021,2021_8,Round 9,Western Bulldogs,Brisbane Lions,Adelaide Oval
2021,2021_9,Round 10,Adelaide Crows,St Kilda,Blundstone Arena
2021,2021_10,Round 11,Port Adelaide,Western Bulldogs,GMHBA Stadium
2021,2021_11,Round 12,Collingwood,GWS Giants,SCG
2021,2021_12,Round 13,Port Adelaide,West Coast Eagles,GMHBA Stadium
2021,2021_13,Round 14,GWS Giants,Brisbane Lions,MCG
2021,2021_14,Round 15,Geelong,Port Adelaide,Adelaide Oval
2021,2021_15,Round 16,Western Bulldogs,Hawthorn,Blundstone Arena
2021,2021_16,Round 17,Collingwood,Western Bulldogs,Marvel Stadium
2021,2021_17,Round 18,Sydney Swans,Melbourne,Gabba
2021,2021_18,Round 19,Collingwood,Hawthorn,Marvel Stadium
2021,2021_19,Round 20,Carlton,Richmond,Adelaide Oval
2021,2021_20,Round 21,Richmond,Sydney Swans,Marvel Stadium
2021,2021_21,Round 22,Hawthorn,Western Bulldogs,Gabba
2021,2021_22,Round 23,Essendon,Richmond,Adelaide Oval
2021,2021_23,Round 1,GWS Giants,Collingwood,MCG
2021,2021_24,Round 2,Western Bulldogs,Adelaide Crows,Metricon Stadium
2021,2021_25,Round 3,Sydney Swans,Brisbane Lions,Adelaide Oval
2021,2021_26,Round 4,Melbourne,Collingwood,GMHBA Stadium
2021,2021_27,Round 5,St Kilda,Western Bulldogs,GMHBA Stadium
2021,2021_28,Round 6,Melbourne,Adelaide Crows,Metricon Stadium
2021,2021_29,Round 7,West Coast Eagles,Carlton,SCG
2021,2021_30,Round 8,Port Adelaide,Geelong,Marvel Stadium
2021,2021_31,Round 9,Richmond,Essendon,SCG
2021,2021_32,Round 10,Geelong,West Coast Eagles,TIO Stadium
2021,2021_33,Round 11,Collingwood,Western Bulldogs,MCG
2021,2021_34,Round 12,Hawthorn,Richmond,Marvel Stadium
2021,2021_35,Round 13,Collingwood,Hawthorn,SCG
2021,2021_36,Round 14,Sydney Swans,Hawthorn,MCG
2021,2021_37,Round 15,St Kilda,Fremantle,Marvel Stadium
2021,2021_38,Round 16,Sydney Swans,Port Adelaide,Gabba
2021,2021_39,Round 17,Western Bulldogs,Richmond,GMHBA Stadium
2021,2021_40,Round 18,Essendon,Adelaide Crows,MCG
2021,2021_41,Round 19,Richmond,North Melbourne,Blundstone Arena
2021,2021_42,Round 20,Brisbane Lions,Richmond,Gabba
2021,2021_43,Round 21,Gold Coast Suns,GWS Giants,Gabba
2021,2021_44,Round 22,Western Bulldogs,Essendon,MCG
2021,2021_45,Round 23,Geelong,Western Bulldogs,Blundstone Arena
2021,2021_46,Round 1,Western Bulldogs,Melbourne,MCG
2021,2021_47,Round 2,Port Adelaide,Geelong,GMHBA Stadium
2021,2021_48,Round 3,Collingwood,Western Bulldogs,Adelaide Oval
2021,2021_49,Round 4,Melbourne,Western Bulldogs,Manuka Oval
2021,2021_50,Round 5,Carlton,Adelaide Crows,Blundstone Arena
2021,2021_51,Round 6,Sydney Swans,Collingwood,MCG
2021,2021_52,Round 7,Collingwood,Carlton,Metricon Stadium
2021,2021_53,Round 8,North Melbourne,Hawthorn,MCG
2021,2021_54,Round 9,Hawthorn,Collingwood,SCG
2021,2021_55,Round 10,Sydney Swans,North Melbourne,Manuka Oval
2021,2021_56,Round 11,Port Adelaide,Carlton,MCG
2021,2021_57,Round 12,Essendon,Western Bulldogs,GMHBA Stadium
2021,2021_58,Round 13,Western Bulldogs,Essendon,TIO Stadium
2021,2021_59,Round 14,North Melbourne,Collingwood,Gabba
2021,2021_60,Round 15,Gold Coast Suns,Western Bulldogs,Marvel Stadium
2021,2021_61,Round 16,Port Adelaide,West Coast Eagles,GMHBA Stadium
2021,2021_62,Round 17,Carlton,Port Adelaide,Marvel Stadium
2021,2021_63,Round 18,Carlton,Western Bulldogs,Metricon Stadium
2021,2021_64,Round 19,Geelong,Melbourne,GMHBA Stadium
2021,2021_65,Round 20,Fremantle,Sydney Swans,SCG
2021,2021_66,Round 21,Essendon,Gold Coast Suns,Marvel Stadium
2021,2021_67,Round 22,GWS Giants,Collingwood,Manuka Oval
2021,2021_68,Round 23,Adelaide Crows,Hawthorn,MCG
2021,2021_69,Round 1,Western Bulldogs,North Melbourne,Marvel Stadium
2021,2021_70,Round 2,Gold Coast Suns,St Kilda,Marvel Stadium
2021,2021_71,Round 3,Collingwood,Geelong,Gabba
2021,2021_72,Round 4,GWS Giants,St Kilda,MCG
2021,2021_73,Round 5,Collingwood,Fremantle,TIO Stadium
2021,2021_74,Round 6,Melbourne,Hawthorn,Marvel Stadium
2021,2021_75,Round 7,GWS Giants,Sydney Swans,Marvel Stadium
2021,2021_76,Round 8,Richmond,Sydney Swans,GMHBA Stadium
2021,2021_77,Round 9,GWS Giants,Port Adelaide,TIO Stadium
2021,2021_78,Round 10,Adelaide Crows,Collingwood,SCG
2021,2021_79,Round 11,St Kilda,Sydney Swans,Metricon Stadium
2021,2021_80,Round 12,Geelong,GWS Giants,Marvel Stadium
2021,2021_81,Round 13,St Kilda,North Melbourne,TIO Stadium
2021,2021_82,Round 14,Essendon,GWS Giants,MCG
2021,2021_83,Round 15,Geelong,Adelaide Crows,Adelaide Oval
2021,2021_84,Round 16,GWS Giants,North Melbourne,Marvel Stadium
2021,2021_85,Round 17,GWS Giants,Hawthorn,Metricon Stadium
2021,2021_86,Round 18,Gold Coast Suns,Collingwood,SCG
2021,2021_87,Round 19,Richmond,North Melbourne,Manuka Oval
2021,2021_88,Round 20,Adelaide Crows,St Kilda,GMHBA Stadium
2021,2021_89,Round 21,Richmond,North Melbourne,Gabba
2021,2021_90,Round 22,Essendon,Geelong,Gabba
2021,2021_91,Round 23,Melbourne,Essendon,Metricon Stadium
2021,2021_92,Round 1,Carlton,West Coast Eagles,Adelaide Oval
2021,2021_93,Round 2,Essendon,Fremantle,GMHBA Stadium
2021,2021_94,Round 3,Collingwood,St Kilda,SCG
2021,2021_95,Round 4,Gold Coast Suns,Adelaide Crows,Metricon Stadium
2021,2021_96,Round 5,Gold Coast Suns,West Coast Eagles,TIO Stadium
2021,2021_97,Round 6,Collingwood,Richmond,Manuka Oval
2021,2021_98,Round 7,Essendon,St Kilda,Marvel Stadium
2021,2021_99,Round 8,Melbourne,GWS Giants,Marvel Stadium
2021,2021_100,Round 9,Port Adelaide,Essendon,MCG
2021,2021_101,Round 10,North Melbourne,Gold Coast Suns,Marvel Stadium
2021,2021_102,Round 11,Western Bulldogs,Fremantle,Blundstone Arena
2021,2021_103,Round 12,Carlton,Collingwood,Gabba
2021,2021_104,Round 13,Melbourne,GWS Giants,Manuka Oval
2021,2021_105,Round 14,Western Bulldogs,GWS Giants,TIO Stadium
2021,2021_106,Round 15,Gold Coast Suns,Brisbane Lions,MCG
2021,2021_107,Round 16,Brisbane Lions,Fremantle,Metricon Stadium
2021,2021_108,Round 17,Richmond,Carlton,Metricon Stadium
2021,2021_109,Round 18,Adelaide Crows,Sydney Swans,Blundstone Arena
2021,2021_110,Round 19,Western Bulldogs,Port Adelaide,Metricon Stadium
2021,2021_111,Round 20,Adelaide Crows,North Melbourne,TIO Stadium
2021,2021_112,Round 21,Geelong,Richmond,TIO Stadium
2021,2021_113,Round 22,Carlton,GWS Giants,Marvel Stadium
2021,2021_114,Round 23,Carlton,Port Adelaide,Metricon Stadium
2021,2021_115,Round 1,Gold Coast Suns,GWS Giants,Marvel Stadium
2021,2021_116,Round 2,Collingwood,Melbourne,Blundstone Arena
2021,2021_117,Round 3,Sydney Swans,Collingwood,Gabba
2021,2021_118,Round 4,GWS Giants,Collingwood,GMHBA Stadium
2021,2021_119,Round 5,GWS Giants,North Melbourne,Blundstone Arena
2021,2021_120,Round 6,St Kilda,GWS Giants,Adelaide Oval
2021,2021_121,Round 7,Melbourne,Gold Coast Suns,Manuka Oval
2021,2021_122,Round 8,Gold Coast Suns,Richmond,Manuka Oval
2021,2021_123,Round 9,Fremantle,Hawthorn,MCG
2021,2021_124,Round 10,North Melbourne,Gold Coast Suns,Gabba
2021,2021_125,Round 11,Sydney Swans,Essendon,Gabba
2021,2021_126,Round 12,St Kilda,Collingwood,GMHBA Stadium
2021,2021_127,Round 13,North Melbourne,Hawthorn,Manuka Oval
2021,2021_128,Round 14,Brisbane Lions,Sydney Swans,Marvel Stadium
2021,2021_129,Round 15,Gold Coast Suns,Port Adelaide,GMHBA Stadium
2021,2021_130,Round 16,Brisbane Lions,Hawthorn,MCG
2021,2021_131,Round 17,Port Adelaide,St Kilda,MCG
2021,2021_132,Round 18,St Kilda,West Coast Eagles,Metricon Stadium
2021,2021_133,Round 19,Richmond,Essendon,TIO Stadium
2021,2021_134,Round 20,Carlton,Melbourne,Blundstone Arena
2021,2021_135,Round 21,Brisbane Lions,Gold Coast Suns,MCG
2021,2021_136,Round 22,Hawthorn,Richmond,Gabba
2021,2021_137,Round 23,Hawthorn,Richmond,GMHBA Stadium
2021,2021_138,Round 1,Collingwood,Essendon,Manuka Oval
2021,2021_139,Round 2,Carlton,Melbourne,Blundstone Arena
2021,2021_140,Round 3,Port Adelaide,Adelaide Crows,Blundstone Arena
2021,2021_141,Round 4,Adelaide Crows,Richmond,Gabba
2021,2021_142,Round 5,Richmond,Sydney Swans,GMHBA Stadium
2021,2021_143,Round 6,Port Adelaide,North Melbourne,SCG
2021,2021_144,Round 7,Sydney Swans,Collingwood,Gabba
2021,2021_145,Round 8,Hawthorn,Richmond,Gabba
2021,2021_146,Round 9,Essendon,Hawthorn,Gabba
2021,2021_147,Round 10,Brisbane Lions,Richmond,Gabba
2021,2021_148,Round 11,Essendon,Fremantle,TIO Stadium
2021,2021_149,Round 12,Carlton,Adelaide Crows,Adelaide Oval
2021,2021_150,Round 13,St Kilda,Sydney Swans,Metricon Stadium
2021,2021_151,Round 14,Melbourne,Port Adelaide,TIO Stadium
2021,2021_152,Round 15,Gold Coast Suns,Adelaide Crows,MCG
2021,2021_153,Round 16,Hawthorn,Richmond,Blundstone Arena
2021,2021_154,Round 17,Fremantle,Brisbane Lions,Adelaide Oval
2021,2021_155,Round 18,St Kilda,Essendon,Blundstone Arena
2021,2021_156,Round 19,Melbourne,Port Adelaide,TIO Stadium
2021,2021_157,Round 20,Adelaide Crows,West Coast Eagles,TIO Stadium
2021,2021_158,Round 21,Port Adelaide,St Kilda,Manuka Oval
2021,2021_159,Round 22,St Kilda,Gold Coast Suns,SCG
2021,2021_160,Round 23,Carlton,West Coast Eagles,Manuka Oval
2021,2021_161,Round 1,Essendon,Melbourne,Manuka Oval
2021,2021_162,Round 2,GWS Giants,Gold Coast Suns,MCG
2021,2021_163,Round 3,Essendon,Melbourne,Gabba
2021,2021_164,Round 4,Western Bulldogs,Adelaide Crows,GMHBA Stadium
2021,2021_165,Round 5,North Melbourne,Collingwood,MCG
2021,2021_166,Round 6,Geelong,Gold Coast Suns,Gabba
2021,2021_167,Round 7,Port Adelaide,St Kilda,GMHBA Stadium
2021,2021_168,Round 8,Gold Coast Suns,Carlton,Metricon Stadium
2021,2021_169,Round 9,North Melbourne,Western Bulldogs,TIO Stadium
2021,2021_170,Round 10,Brisbane Lions,Carlton,SCG
2021,2021_171,Round 11,Geelong,Melbourne,MCG
2021,2021_172,Round 12,St Kilda,Carlton,Adelaide Oval
2021,2021_173,Round 13,Western Bulldogs,Carlton,Manuka Oval
2021,2021_174,Round 14,St Kilda,Brisbane Lions,Marvel Stadium
2021,2021_175,Round 15,Brisbane Lions,Fremantle,MCG
2021,2021_176,Round 16,Collingwood,St Kilda,Metricon Stadium
2021,2021_177,Round 17,Geelong,Essendon,Gabba
2021,2021_178,Round 18,Brisbane Lions,Essendon,Marvel Stadium
2021,2021_179,Round 19,Gold Coast Suns,Geelong,Marvel Stadium
2021,2021_180,Round 20,Fremantle,Sydney Swans,TIO Stadium
2021,2021_181,Round 21,Western Bulldogs,Hawthorn,TIO Stadium
2021,2021_182,Round 22,Carlton,Port Adelaide,Manuka Oval
2021,2021_183,Round 23,Port Adelaide,Collingwood,Marvel Stadium
2021,2021_184,Round 1,Port Adelaide,GWS Giants,Marvel Stadium
2021,2021_185,Round 2,Melbourne,Hawthorn,Blundstone Arena
2021,2021_186,Round 3,West Coast Eagles,Western Bulldogs,TIO Stadium
2021,2021_187,Round 4,GWS Giants,Western Bulldogs,GMHBA Stadium
2021,2021_188,Round 5,GWS Giants,Adelaide Crows,GMHBA Stadium
2021,2021_189,Round 6,Fremantle,Hawthorn,Manuka Oval
2021,2021_190,Round 7,West Coast Eagles,North Melbourne,TIO Stadium
2021,2021_191,Round 8,GWS Giants,Port Adelaide,Gabba
2021,2021_192,Round 9,Port Adelaide,Brisbane Lions,Adelaide Oval
2021,2021_193,Round 10,Sydney Swans,Adelaide Crows,SCG
2021,2021_194,Round 11,Richmond,St Kilda,GMHBA Stadium
2021,2021_195,Round 12,Melbourne,Hawthorn,MCG
2021,2021_196,Round 13,Geelong,Western Bulldogs,SCG
2021,2021_197,Round 14,Port Adelaide,GWS Giants,GMHBA Stadium
2021,2021_198,Round 15,Gold Coast Suns,Brisbane Lions,Metricon Stadium
2021,2021_199,Round 16,Melbourne,Hawthorn,Marvel Stadium
2022,2022_0,Round 1,Gold Coast Suns,North Melbourne,Manuka Oval
2022,2022_1,Round 2,North Melbourne,Sydney Swans,Manuka Oval
2022,2022_2,Round 3,Richmond,Geelong,Manuka Oval
2022,2022_3,Round 4,Fremantle,Port Adelaide,TIO Stadium
2022,2022_4,Round 5,Essendon,Geelong,Metricon Stadium
2022,2022_5,Round 6,GWS Giants,St Kilda,Gabba
2022,2022_6,Round 7,Richmond,Western Bulldogs,Marvel Stadium
2022,2022_7,Round 8,GWS Giants,Essendon,MCG
2022,2022_8,Round 9,Brisbane Lions,North Melbourne,Blundstone Arena
2022,2022_9,Round 10,Geelong,Richmond,GMHBA Stadium
2022,2022_10,Round 11,Fremantle,West Coast Eagles,MCG
2022,2022_11,Round 12,Brisbane Lions,Essendon,Blundstone Arena
2022,2022_12,Round 13,West Coast Eagles,St Kilda,SCG
2022,2022_13,Round 14,Essendon,Adelaide Crows,TIO Stadium
2022,2022_14,Round 15,North Melbourne,Hawthorn,Blundstone Arena
2022,2022_15,Round 16,West Coast Eagles,Richmond,Adelaide Oval
2022,2022_16,Round 17,West Coast Eagles,Western Bulldogs,Metricon Stadium
2022,2022_17,Round 18,Geelong,Richmond,GMHBA Stadium
2022,2022_18,Round 19,Sydney Swans,West Coast Eagles,Marvel Stadium
2022,2022_19,Round 20,Collingwood,West Coast Eagles,Metricon Stadium
2022,2022_20,Round 21,Richmond,West Coast Eagles,Marvel Stadium
2022,2022_21,Round 22,Collingwood,GWS Giants,Gabba
2022,2022_22,Round 23,Collingwood,Melbourne,SCG
2022,2022_23,Round 1,Adelaide Crows,Richmond,Blundstone Arena
2022,2022_24,Round 2,Carlton,Port Adelaide,GMHBA Stadium
2022,2022_25,Round 3,Richmond,Sydney Swans,GMHBA Stadium
2022,2022_26,Round 4,Port Adelaide,Western Bulldogs,Manuka Oval
2022,2022_27,Round 5,Essendon,Brisbane Lions,Gabba
2022,2022_28,Round 6,Western Bulldogs,West Coast Eagles,GMHBA Stadium
2022,2022_29,Round 7,North Melbourne,Melbourne,Manuka Oval
2022,2022_30,Round 8,Western Bulldogs,Sydney Swans,Marvel Stadium
2022,2022_31,Round 9,Western Bulldogs,Geelong,Adelaide Oval
2022,2022_32,Round 10,Carlton,Port Adelaide,MCG
2022,2022_33,Round 11,Sydney Swans,Richmond,GMHBA Stadium
2022,2022_34,Round 12,Essendon,Richmond,Adelaide Oval
2022,2022_35,Round 13,Carlton,Collingwood,Manuka Oval
2022,2022_36,Round 14,Hawthorn,Western Bulldogs,Blundstone Arena
2022,2022_37,Round 15,Geelong,Richmond,Manuka Oval
2022,2022_38,Round 16,Brisbane Lions,Fremantle,Blundstone Arena
2022,2022_39,Round 17,Gold Coast Suns,Melbourne,Adelaide Oval
2022,2022_40,Round 18,Geelong,GWS Giants,SCG
2022,2022_41,Round 19,Sydney Swans,Fremantle,Adelaide Oval
2022,2022_42,Round 20,Port Adelaide,Brisbane Lions,Metricon Stadium
2022,2022_43,Round 21,Fremantle,North Melbourne,Blundstone Arena
2022,2022_44,Round 22,Western Bulldogs,Adelaide Crows,Metricon Stadium
2022,2022_45,Round 23,Brisbane Lions,Collingwood,Adelaide Oval
2022,2022_46,Round 1,Sydney Swans,Brisbane Lions,TIO Stadium
2022,2022_47,Round 2,Western Bulldogs,Adelaide Crows,MCG
2022,2022_48,Round 3,Brisbane Lions,Fremantle,GMHBA Stadium
2022,2022_49,Round 4,Melbourne,Western Bulldogs,GMHBA Stadium
2022,2022_50,Round 5,Adelaide Crows,Essendon,SCG
2022,2022_51,Round 6,Hawthorn,Western Bulldogs,Adelaide Oval
2022,2022_52,Round 7,Geelong,St Kilda,MCG
2022,2022_53,Round 8,Brisbane Lions,Carlton,Manuka Oval
2022,2022_54,Round 9,West Coast Eagles,Fremantle,Marvel Stadium
2022,2022_55,Round 10,North Melbourne,West Coast Eagles,Marvel Stadium
2022,2022_56,Round 11,St Kilda,Western Bulldogs,Blundstone Arena
2022,2022_57,Round 12,Western Bulldogs,Richmond,Marvel Stadium
2022,2022_58,Round 13,Western Bulldogs,North Melbourne,Metricon Stadium
2022,2022_59,Round 14,Hawthorn,West Coast Eagles,SCG
2022,2022_60,Round 15,Sydney Swans,Adelaide Crows,Manuka Oval
2022,2022_61,Round 16,North Melbourne,Port Adelaide,TIO Stadium
2022,2022_62,Round 17,Carlton,Sydney Swans,Adelaide Oval
2022,2022_63,Round 18,Brisbane Lions,Collingwood,Adelaide Oval
2022,2022_64,Round 19,Fremantle,Port Adelaide,GMHBA Stadium
2022,2022_65,Round 20,Geelong,Carlton,Manuka Oval
2022,2022_66,Round 21,Adelaide Crows,Gold Coast Suns,MCG
2022,2022_67,Round 22,Western Bulldogs,Gold Coast Suns,MCG
2022,2022_68,Round 23,Melbourne,Adelaide Crows,TIO Stadium
2022,2022_69,Round 1,North Melbourne,Adelaide Crows,Adelaide Oval
2022,2022_70,Round 2,Carlton,Richmond,Manuka Oval
2022,2022_71,Round 3,Fremantle,Carlton,Marvel Stadium
2022,2022_72,Round 4,GWS Giants,Melbourne,GMHBA Stadium
2022,2022_73,Round 5,West Coast Eagles,Essendon,TIO Stadium
2022,2022_74,Round 6,Geelong,Sydney Swans,Adelaide Oval
2022,2022_75,Round 7,Hawthorn,Collingwood,Marvel Stadium
2022,2022_76,Round 8,Adelaide Crows,Brisbane Lions,Gabba
2022,2022_77,Round 9,North Melbourne,West Coast Eagles,Marvel Stadium
2022,2022_78,Round 10,St Kilda,Essendon,Manuka Oval
2022,2022_79,Round 11,West Coast Eagles,Melbourne,Blundstone Arena
2022,2022_80,Round 12,Melbourne,Brisbane Lions,Blundstone Arena
2022,2022_81,Round 13,North Melbourne,Fremantle,Manuka Oval
2022,2022_82,Round 14,Melbourne,Gold Coast Suns,Manuka Oval
2022,2022_83,Round 15,Sydney Swans,GWS Giants,MCG
2022,2022_84,Round 16,Carlton,West Coast Eagles,TIO Stadium
2022,2022_85,Round 17,Collingwood,Western Bulldogs,Manuka Oval
2022,2022_86,Round 18,Richmond,Essendon,Gabba
2022,2022_87,Round 19,Melbourne,Adelaide Crows,Blundstone Arena
2022,2022_88,Round 20,Carlton,Adelaide Crows,GMHBA Stadium
2022,2022_89,Round 21,Fremantle,Port Adelaide,Manuka Oval
2022,2022_90,Round 22,Melbourne,Sydney Swans,Adelaide Oval
2022,2022_91,Round 23,Sydney Swans,Adelaide Crows,SCG
2022,2022_92,Round 1,Fremantle,St Kilda,Blundstone Arena
2022,2022_93,Round 2,Brisbane Lions,Geelong,Manuka Oval
2022,2022_94,Round 3,Essendon,GWS Giants,Blundstone Arena
2022,2022_95,Round 4,Western Bulldogs,St Kilda,TIO Stadium
2022,2022_96,Round 5,Carlton,North Melbourne,GMHBA Stadium
2022,2022_97,Round 6,Geelong,St Kilda,GMHBA Stadium
2022,2022_98,Round 7,Port Adelaide,GWS Giants,Gabba
2022,2022_99,Round 8,West Coast Eagles,Collingwood,Adelaide Oval
2022,2022_100,Round 9,West Coast Eagles,Carlton,Manuka Oval
2022,2022_101,Round 10,Richmond,Fremantle,Adelaide Oval
2022,2022_102,Round 11,Essendon,Sydney Swans,GMHBA Stadium
2022,2022_103,Round 12,Essendon,Port Adelaide,Marvel Stadium
2022,2022_104,Round 13,Gold Coast Suns,Melbourne,Metricon Stadium
2022,2022_105,Round 14,Essendon,GWS Giants,Adelaide Oval
2022,2022_106,Round 15,Essendon,Adelaide Crows,Blundstone Arena
2022,2022_107,Round 16,Essendon,Adelaide Crows,Gabba
2022,2022_108,Round 17,Western Bulldogs,Adelaide Crows,Metricon Stadium
2022,2022_109,Round 18,Adelaide Crows,West Coast Eagles,SCG
2022,2022_110,Round 19,Carlton,Brisbane Lions,TIO Stadium
2022,2022_111,Round 20,Gold Coast Suns,Western Bulldogs,Manuka Oval
2022,2022_112,Round 21,Carlton,Gold Coast Suns,Blundstone Arena
2022,2022_113,Round 22,St Kilda,North Melbourne,MCG
2022,2022_114,Round 23,Essendon,Melbourne,Gabba
2022,2022_115,Round 1,Brisbane Lions,North Melbourne,Adelaide Oval
2022,2022_116,Round 2,West Coast Eagles,Essendon,TIO Stadium
2022,2022_117,Round 3,West Coast Eagles,North Melbourne,Adelaide Oval
2022,2022_118,Round 4,Fremantle,Essendon,Adelaide Oval
2022,2022_119,Round 5,Collingwood,St Kilda,TIO Stadium
2022,2022_120,Round 6,Sydney Swans,Geelong,Gabba
2022,2022_121,Round 7,Carlton,West Coast Eagles,Metricon Stadium
2022,2022_122,Round 8,Richmond,Hawthorn,TIO Stadium
2022,2022_123,Round 9,Collingwood,West Coast Eagles,SCG
2022,2022_124,Round 10,Carlton,West Coast Eagles,Gabba
2022,2022_125,Round 11,Essendon,Adelaide Crows,MCG
2022,2022_126,Round 12,West Coast Eagles,GWS Giants,Adelaide Oval
2022,2022_127,Round 13,Port Adelaide,Gold Coast Suns,Marvel Stadium
2022,2022_128,Round 14,Sydney Swans,Brisbane Lions,Blundstone Arena
2022,2022_129,Round 15,Melbourne,Gold Coast Suns,Marvel Stadium
2022,2022_130,Round 16,Hawthorn,Western Bulldogs,TIO Stadium
2022,2022_131,Round 17,Sydney Swans,Carlton,GMHBA Stadium
2022,2022_132,Round 18,Essendon,Sydney Swans,Gabba
2022,2022_133,Round 19,Carlton,Melbourne,Metricon Stadium
2022,2022_134,Round 20,West Coast Eagles,Collingwood,TIO Stadium
2022,2022_135,Round 21,St Kilda,Brisbane Lions,MCG
2022,2022_136,Round 22,West Coast Eagles,St Kilda,Marvel Stadium
2022,2022_137,Round 23,West Coast Eagles,St Kilda,Marvel Stadium
2022,2022_138,Round 1,GWS Giants,North Melbourne,Adelaide Oval
2022,2022_139,Round 2,Sydney Swans,Port Adelaide,MCG
2022,2022_140,Round 3,Melbourne,Geelong,Gabba
2022,2022_141,Round 4,Gold Coast Suns,Port Adelaide,Blundstone Arena
2022,2022_142,Round 5,Brisbane Lions,Richmond,GMHBA Stadium
2022,2022_143,Round 6,Carlton,Melbourne,GMHBA Stadium
2022,2022_144,Round 7,Gold Coast Suns,Geelong,MCG
2022,2022_145,Round 8,Carlton,Sydney Swans,Adelaide Oval
2022,2022_146,Round 9,Gold Coast Suns,West Coast Eagles,Adelaide Oval
2022,2022_147,Round 10,Adelaide Crows,Brisbane Lions,MCG
2022,2022_148,Round 11,GWS Giants,Hawthorn,Gabba
2022,2022_149,Round 12,Geelong,Brisbane Lions,MCG
2022,2022_150,Round 13,Adelaide Crows,Gold Coast Suns,Gabba
2022,2022_151,Round 14,Fremantle,Western Bulldogs,Gabba
2022,2022_152,Round 15,Adelaide Crows,Gold Coast Suns,TIO Stadium
2022,2022_153,Round 16,Richmond,Hawthorn,Marvel Stadium
2022,2022_154,Round 17,Port Adelaide,Sydney Swans,Blundstone Arena
2022,2022_155,Round 18,North Melbourne,Richmond,Manuka Oval
2022,2022_156,Round 19,Adelaide Crows,Western Bulldogs,GMHBA Stadium
2022,2022_157,Round 20,Sydney Swans,West Coast Eagles,Adelaide Oval
2022,2022_158,Round 21,Melbourne,Geelong,Blundstone Arena
2022,2022_159,Round 22,Carlton,St Kilda,Marvel Stadium
2022,2022_160,Round 23,West Coast Eagles,Brisbane Lions,MCG
2022,2022_161,Round 1,West Coast Eagles,Sydney Swans,SCG
2022,2022_162,Round 2,GWS Giants,Geelong,GMHBA Stadium
2022,2022_163,Round 3,Richmond,Hawthorn,TIO Stadium
2022,2022_164,Round 4,Port Adelaide,Sydney Swans,Gabba
2022,2022_165,Round 5,Richmond,Geelong,Blundstone Arena
2022,2022_166,Round 6,North Melbourne,West Coast Eagles,Blundstone Arena
2022,2022_167,Round 7,Fremantle,Adelaide Crows,MCG
2022,2022_168,Round 8,St Kilda,Brisbane Lions,SCG
2022,2022_169,Round 9,Essendon,Hawthorn,GMHBA Stadium
2022,2022_170,Round 10,Gold Coast Suns,North Melbourne,Manuka Oval
2022,2022_171,Round 11,Hawthorn,Fremantle,SCG
2022,2022_172,Round 12,Gold Coast Suns,Essendon,MCG
2022,2022_173,Round 13,Melbourne,Gold Coast Suns,Blundstone Arena
2022,2022_174,Round 14,Gold Coast Suns,Sydney Swans,GMHBA Stadium
2022,2022_175,Round 15,Hawthorn,North Melbourne,Blundstone Arena
2022,2022_176,Round 16,Sydney Swans,Carlton,MCG
2022,2022_177,Round 17,Melbourne,Port Adelaide,Manuka Oval
2022,2022_178,Round 18,Port Adelaide,GWS Giants,Manuka Oval
2022,2022_179,Round 19,Western Bulldogs,Geelong,MCG
2022,2022_180,Round 20,Western Bulldogs,Adelaide Crows,Adelaide Oval
2022,2022_181,Round 21,West Coast Eagles,Geelong,Marvel Stadium
2022,2022_182,Round 22,Brisbane Lions,Adelaide Crows,GMHBA Stadium
2022,2022_183,Round 23,Carlton,Fremantle,TIO Stadium
2022,2022_184,Round 1,Sydney Swans,GWS Giants,MCG
2022,2022_185,Round 2,West Coast Eagles,Western Bulldogs,MCG
2022,2022_186,Round 3,Gold Coast Suns,Sydney Swans,Adelaide Oval
2022,2022_187,Round 4,Richmond,West Coast Eagles,Blundstone Arena
2022,2022_188,Round 5,Fremantle,Adelaide Crows,Blundstone Arena
2022,2022_189,Round 6,Port Adelaide,St Kilda,Manuka Oval
2022,2022_190,Round 7,Carlton,St Kilda,Blundstone Arena
2022,2022_191,Round 8,Geelong,West Coast Eagles,Gabba
2022,2022_192,Round 9,Hawthorn,Fremantle,Gabba
2022,2022_193,Round 10,Melbourne,Collingwood,Blundstone Arena
2022,2022_194,Round 11,Melbourne,Adelaide Crows,Adelaide Oval
2022,2022_195,Round 12,Western Bulldogs,St Kilda,Metricon Stadium
2022,2022_196,Round 13,Collingwood,Melbourne,TIO Stadium
2022,2022_197,Round 14,Sydney Swans,Fremantle,GMHBA Stadium
2022,2022_198,Round 15,Brisbane Lions,Hawthorn,MCG
2022,2022_199,Round 16,Fremantle,Western Bulldogs,Gabba
2023,2023_0,Round 1,Essendon,Melbourne,Adelaide Oval
2023,2023_1,Round 2,Melbourne,Brisbane Lions,TIO Stadium
2023,2023_2,Round 3,St Kilda,Fremantle,Metricon Stadium
2023,2023_3,Round 4,Carlton,Adelaide Crows,Blundstone Arena
2023,2023_4,Round 5,Brisbane Lions,North Melbourne,Adelaide Oval
2023,2023_5,Round 6,North Melbourne,Port Adelaide,Metricon Stadium
2023,2023_6,Round 7,Fremantle,Western Bulldogs,GMHBA Stadium
2023,2023_7,Round 8,Port Adelaide,Adelaide Crows,Marvel Stadium
2023,2023_8,Round 9,St Kilda,Western Bulldogs,Gabba
2023,2023_9,Round 10,West Coast Eagles,Melbourne,Gabba
2023,2023_10,Round 11,Port Adelaide,St Kilda,Metricon Stadium
2023,2023_11,Round 12,St Kilda,Sydney Swans,Marvel Stadium
2023,2023_12,Round 13,Western Bulldogs,Richmond,Manuka Oval
2023,2023_13,Round 14,Essendon,Brisbane Lions,TIO Stadium
2023,2023_14,Round 15,Fremantle,Sydney Swans,Metricon Stadium
2023,2023_15,Round 16,Hawthorn,Fremantle,GMHBA Stadium
2023,2023_16,Round 17,GWS Giants,Port Adelaide,Metricon Stadium
2023,2023_17,Round 18,Carlton,GWS Giants,Manuka Oval
2023,2023_18,Round 19,North Melbourne,Fremantle,Adelaide Oval
2023,2023_19,Round 20,Sydney Swans,Carlton,Adelaide Oval
2023,2023_20,Round 21,Brisbane Lions,North Melbourne,Gabba
2023,2023_21,Round 22,North Melbourne,Port Adelaide,Manuka Oval
2023,2023_22,Round 23,Essendon,Port Adelaide,Marvel Stadium
2023,2023_23,Round 1,Essendon,Collingwood,Blundstone Arena
2023,2023_24,Round 2,St Kilda,Brisbane Lions,Marvel Stadium
2023,2023_25,Round 3,Port Adelaide,Hawthorn,GMHBA Stadium
2023,2023_26,Round 4,Western Bulldogs,North Melbourne,Blundstone Arena
2023,2023_27,Round 5,Richmond,Gold Coast Suns,Adelaide Oval
2023,2023_28,Round 6,West Coast Eagles,Adelaide Crows,Marvel Stadium
2023,2023_29,Round 7,Brisbane Lions,Geelong,Marvel Stadium
2023,2023_30,Round 8,Hawthorn,Fremantle,MCG
2023,2023_31,Round 9,Collingwood,Fremantle,Manuka Oval
2023,2023_32,Round 10,Adelaide Crows,Geelong,GMHBA Stadium
2023,2023_33,Round 11,Hawthorn,Brisbane Lions,Manuka Oval
2023,2023_34,Round 12,St Kilda,Collingwood,TIO Stadium
2023,2023_35,Round 13,West Coast Eagles,Melbourne,TIO Stadium
2023,2023_36,Round 14,Collingwood,West Coast Eagles,Blundstone Arena
2023,2023_37,Round 15,Sydney Swans,Western Bulldogs,Manuka Oval
2023,2023_38,Round 16,Collingwood,Carlton,Metricon Stadium
2023,2023_39,Round 17,Fremantle,Richmond,Marvel Stadium
2023,2023_40,Round 18,Sydney Swans,Collingwood,Metricon Stadium
2023,2023_41,Round 19,Gold Coast Suns,Richmond,MCG
2023,2023_42,Round 20,Western Bulldogs,Sydney Swans,MCG
2023,2023_43,Round 21,Western Bulldogs,West Coast Eagles,Gabba
2023,2023_44,Round 22,Melbourne,Carlton,SCG
2023,2023_45,Round 23,Brisbane Lions,Melbourne,Metricon Stadium
2023,2023_46,Round 1,West Coast Eagles,Brisbane Lions,Marvel Stadium
2023,2023_47,Round 2,Sydney Swans,Gold Coast Suns,Gabba
2023,2023_48,Round 3,Carlton,Essendon,GMHBA Stadium
2023,2023_49,Round 4,GWS Giants,Melbourne,SCG
2023,2023_50,Round 5,Adelaide Crows,Port Adelaide,Manuka Oval
2023,2023_51,Round 6,West Coast Eagles,Brisbane Lions,Blundstone Arena
2023,2023_52,Round 7,North Melbourne,Adelaide Crows,Manuka Oval
2023,2023_53,Round 8,Richmond,Adelaide Crows,Gabba
2023,2023_54,Round 9,Geelong,Fremantle,Manuka Oval
2023,2023_55,Round 10,Collingwood,Gold Coast Suns,TIO Stadium
2023,2023_56,Round 11,Port Adelaide,Adelaide Crows,Blundstone Arena
2023,2023_57,Round 12,GWS Giants,Adelaide Crows,Marvel Stadium
2023,2023_58,Round 13,Brisbane Lions,Western Bulldogs,Blundstone Arena
2023,2023_59,Round 14,Hawthorn,St Kilda,Adelaide Oval
2023,2023_60,Round 15,GWS Giants,Hawthorn,Manuka Oval
2023,2023_61,Round 16,North Melbourne,Richmond,MCG
2023,2023_62,Round 17,Sydney Swans,Richmond,Blundstone Arena
2023,2023_63,Round 18,St Kilda,Adelaide Crows,Metricon Stadium
2023,2023_64,Round 19,Gold Coast Suns,Melbourne,Metricon Stadium
2023,2023_65,Round 20,Essendon,North Melbourne,MCG
2023,2023_66,Round 21,Port Adelaide,Sydney Swans,TIO Stadium
2023,2023_67,Round 22,Western Bulldogs,Port Adelaide,GMHBA Stadium
2023,2023_68,Round 23,Collingwood,Hawthorn,Manuka Oval
2023,2023_69,Round 1,Port Adelaide,Essendon,Manuka Oval
2023,2023_70,Round 2,Fremantle,Sydney Swans,GMHBA Stadium
2023,2023_71,Round 3,Essendon,Richmond,Adelaide Oval
2023,2023_72,Round 4,Geelong,Hawthorn,Blundstone Arena
2023,2023_73,Round 5,Fremantle,Brisbane Lions,Marvel Stadium
2023,2023_74,Round 6,Melbourne,Sydney Swans,MCG
2023,2023_75,Round 7,GWS Giants,Geelong,TIO Stadium
2023,2023_76,Round 8,GWS Giants,Carlton,TIO Stadium
2023,2023_77,Round 9,Sydney Swans,Geelong,TIO Stadium
2023,2023_78,Round 10,Hawthorn,Fremantle,Adelaide Oval
2023,2023_79,Round 11,Port Adelaide,Geelong,SCG
2023,2023_80,Round 12,Gold Coast Suns,Essendon,SCG
2023,2023_81,Round 13,Geelong,Western Bulldogs,TIO Stadium
2023,2023_82,Round 14,Port Adelaide,Sydney Swans,Manuka Oval
2023,2023_83,Round 15,Adelaide Crows,West Coast Eagles,SCG
2023,2023_84,Round 16,Hawthorn,GWS Giants,MCG
2023,2023_85,Round 17,Melbourne,Carlton,Blundstone Arena
2023,2023_86,Round 18,St Kilda,GWS Giants,SCG
2023,2023_87,Round 19,West Coast Eagles,Richmond,Marvel Stadium
2023,2023_88,Round 20,Brisbane Lions,Western Bulldogs,Manuka Oval
2023,2023_89,Round 21,Western Bulldogs,Carlton,Metricon Stadium
2023,2023_90,Round 22,Western Bulldogs,Collingwood,Blundstone Arena
2023,2023_91,Round 23,Sydney Swans,Port Adelaide,Metricon Stadium
2023,2023_92,Round 1,Hawthorn,St Kilda,Manuka Oval
2023,2023_93,Round 2,Adelaide Crows,GWS Giants,TIO Stadium
2023,2023_94,Round 3,Port Adelaide,Carlton,SCG
2023,2023_95,Round 4,Richmond,Collingwood,GMHBA Stadium
2023,2023_96,Round 5,Port Adelaide,Brisbane Lions,Manuka Oval
2023,2023_97,Round 6,Gold Coast Suns,Adelaide Crows,Blundstone Arena
2023,2023_98,Round 7,Western Bulldogs,Brisbane Lions,TIO Stadium
2023,2023_99,Round 8,Western Bulldogs,Geelong,Adelaide Oval
2023,2023_100,Round 9,Geelong,Fremantle,SCG
2023,2023_101,Round 10,Hawthorn,St Kilda,Blundstone Arena
2023,2023_102,Round 11,Collingwood,Essendon,GMHBA Stadium
2023,2023_103,Round 12,Hawthorn,Sydney Swans,MCG
2023,2023_104,Round 13,Hawthorn,Western Bulldogs,SCG
2023,2023_105,Round 14,Melbourne,North Melbourne,Manuka Oval
2023,2023_106,Round 15,Gold Coast Suns,West Coast Eagles,Gabba
2023,2023_107,Round 16,Hawthorn,Brisbane Lions,Marvel Stadium
2023,2023_108,Round 17,Collingwood,Richmond,GMHBA Stadium
2023,2023_109,Round 18,Melbourne,Gold Coast Suns,Adelaide Oval
2023,2023_110,Round 19,Gold Coast Suns,Western Bulldogs,Adelaide Oval
2023,2023_111,Round 20,Fremantle,Adelaide Crows,Manuka Oval
2023,2023_112,Round 21,Carlton,Sydney Swans,Metricon Stadium
2023,2023_113,Round 22,West Coast Eagles,Adelaide Crows,GMHBA Stadium
2023,2023_114,Round 23,Carlton,Essendon,TIO Stadium
2023,2023_115,Round 1,West Coast Eagles,Hawthorn,Blundstone Arena
2023,2023_116,Round 2,Gold Coast Suns,St Kilda,Marvel Stadium
2023,2023_117,Round 3,St Kilda,Hawthorn,Marvel Stadium
2023,2023_118,Round 4,Fremantle,Collingwood,MCG
2023,2023_119,Round 5,Hawthorn,West Coast Eagles,Manuka Oval
2023,2023_120,Round 6,Carlton,Western Bulldogs,MCG
2023,2023_121,Round 7,Collingwood,Sydney Swans,Metricon Stadium
2023,2023_122,Round 8,Sydney Swans,West Coast Eagles,SCG
2023,2023_123,Round 9,Port Adelaide,Hawthorn,Gabba
2023,2023_124,Round 10,Adelaide Crows,Gold Coast Suns,Marvel Stadium
2023,2023_125,Round 11,Carlton,Western Bulldogs,Blundstone Arena
2023,2023_126,Round 12,North Melbourne,Sydney Swans,TIO Stadium
2023,2023_127,Round 13,Adelaide Crows,St Kilda,Blundstone Arena
2023,2023_128,Round 14,Melbourne,Brisbane Lions,SCG
2023,2023_129,Round 15,Essendon,Carlton,Blundstone Arena
2023,2023_130,Round 16,Hawthorn,Collingwood,Gabba
2023,2023_131,Round 17,Port Adelaide,Collingwood,TIO Stadium
2023,2023_132,Round 18,Western Bulldogs,Hawthorn,Blundstone Arena
2023,2023_133,Round 19,West Coast Eagles,St Kilda,MCG
2023,2023_134,Round 20,Gold Coast Suns,Geelong,Adelaide Oval
2023,2023_135,Round 21,Melbourne,Richmond,TIO Stadium
2023,2023_136,Round 22,Essendon,St Kilda,SCG
2023,2023_137,Round 23,Hawthorn,Collingwood,SCG
2023,2023_138,Round 1,Gold Coast Suns,West Coast Eagles,MCG
2023,2023_139,Round 2,Hawthorn,Richmond,SCG
2023,2023_140,Round 3,Western Bulldogs,Collingwood,Blundstone Arena
2023,2023_141,Round 4,St Kilda,Western Bulldogs,TIO Stadium
2023,2023_142,Round 5,Fremantle,Gold Coast Suns,GMHBA Stadium
2023,2023_143,Round 6,Port Adelaide,North Melbourne,Adelaide Oval
2023,2023_144,Round 7,Melbourne,Carlton,MCG
2023,2023_145,Round 8,Adelaide Crows,Fremantle,GMHBA Stadium
2023,2023_146,Round 9,Gold Coast Suns,Collingwood,Marvel Stadium
2023,2023_147,Round 10,Adelaide Crows,Hawthorn,Adelaide Oval
2023,2023_148,Round 11,Collingwood,Geelong,Adelaide Oval
2023,2023_149,Round 12,Carlton,St Kilda,GMHBA Stadium
2023,2023_150,Round 13,Carlton,Melbourne,Metricon Stadium
2023,2023_151,Round 14,Melbourne,Hawthorn,Marvel Stadium
2023,2023_152,Round 15,Port Adelaide,Fremantle,SCG
2023,2023_153,Round 16,St Kilda,Collingwood,GMHBA Stadium
2023,2023_154,Round 17,Gold Coast Suns,Essendon,Gabba
2023,2023_155,Round 18,Brisbane Lions,West Coast Eagles,Adelaide Oval
2023,2023_156,Round 19,Geelong,GWS Giants,Blundstone Arena
2023,2023_157,Round 20,Essendon,Melbourne,Gabba
2023,2023_158,Round 21,Brisbane Lions,Fremantle,Marvel Stadium
2023,2023_159,Round 22,St Kilda,Collingwood,TIO Stadium
2023,2023_160,Round 23,Essendon,Sydney Swans,Blundstone Arena
2023,2023_161,Round 1,Collingwood,Melbourne,MCG
2023,2023_162,Round 2,Collingwood,Brisbane Lions,GMHBA Stadium
2023,2023_163,Round 3,Sydney Swans,St Kilda,Metricon Stadium
2023,2023_164,Round 4,Western Bulldogs,Melbourne,Manuka Oval
2023,2023_165,Round 5,Sydney Swans,North Melbourne,Adelaide Oval
2023,2023_166,Round 6,Port Adelaide,Melbourne,Gabba
2023,2023_167,Round 7,Port Adelaide,Collingwood,SCG
2023,2023_168,Round 8,North Melbourne,Carlton,Gabba
2023,2023_169,Round 9,Carlton,Adelaide Crows,MCG
2023,2023_170,Round 10,Port Adelaide,Western Bulldogs,Blundstone Arena
2023,2023_171,Round 11,Port Adelaide,GWS Giants,TIO Stadium
2023,2023_172,Round 12,Brisbane Lions,North Melbourne,SCG
2023,2023_173,Round 13,Geelong,Brisbane Lions,Metricon Stadium
2023,2023_174,Round 14,North Melbourne,Western Bulldogs,Gabba
2023,2023_175,Round 15,Port Adelaide,Essendon,SCG
2023,2023_176,Round 16,Melbourne,Port Adelaide,Blundstone Arena
2023,2023_177,Round 17,Carlton,Geelong,Adelaide Oval
2023,2023_178,Round 18,Fremantle,Essendon,Marvel Stadium
2023,2023_179,Round 19,Richmond,Melbourne,Gabba
2023,2023_180,Round 20,West Coast Eagles,North Melbourne,Metricon Stadium
2023,2023_181,Round 21,Fremantle,Port Adelaide,Marvel Stadium
2023,2023_182,Round 22,Geelong,GWS Giants,TIO Stadium
2023,2023_183,Round 23,Hawthorn,Gold Coast Suns,SCG
2023,2023_184,Round 1,Collingwood,Western Bulldogs,MCG
2023,2023_185,Round 2,Carlton,Gold Coast Suns,GMHBA Stadium
2023,2023_186,Round 3,Geelong,Hawthorn,SCG
2023,2023_187,Round 4,Adelaide Crows,Geelong,Marvel Stadium
2023,2023_188,Round 5,Melbourne,West Coast Eagles,Adelaide Oval
2023,2023_189,Round 6,Carlton,Port Adelaide,Blundstone Arena
2023,2023_190,Round 7,Essendon,Geelong,Marvel Stadium
2023,2023_191,Round 8,Sydney Swans,St Kilda,Adelaide Oval
2023,2023_192,Round 9,Richmond,Geelong,SCG
2023,2023_193,Round 10,West Coast Eagles,Western Bulldogs,TIO Stadium
2023,2023_194,Round 11,Hawthorn,North Melbourne,Metricon Stadium
2023,2023_195,Round 12,St Kilda,Adelaide Crows,Blundstone Arena
2023,2023_196,Round 13,Adelaide Crows,Sydney Swans,SCG
2023,2023_197,Round 14,St Kilda,Hawthorn,Adelaide Oval
2023,2023_198,Round 15,Brisbane Lions,Melbourne,Marvel Stadium
2023,2023_199,Round 16,Hawthorn,GWS Giants,Marvel Stadium
2024,2024_0,Round 1,Melbourne,Sydney Swans,MCG
2024,2024_1,Round 2,Richmond,North Melbourne,Marvel Stadium
2024,2024_2,Round 3,Port Adelaide,West Coast Eagles,Metricon Stadium
2024,2024_3,Round 4,Carlton,Port Adelaide,Marvel Stadium
2024,2024_4,Round 5,Sydney Swans,Collingwood,Manuka Oval
2024,2024_5,Round 6,Melbourne,West Coast Eagles,Marvel Stadium
2024,2024_6,Round 7,Carlton,Gold Coast Suns,Adelaide Oval
2024,2024_7,Round 8,Fremantle,Geelong,GMHBA Stadium
2024,2024_8,Round 9,Hawthorn,Geelong,TIO Stadium
2024,2024_9,Round 10,Port Adelaide,Collingwood,SCG
2024,2024_10,Round 11,GWS Giants,Western Bulldogs,Adelaide Oval
2024,2024_11,Round 12,Carlton,Hawthorn,GMHBA Stadium
2024,2024_12,Round 13,North Melbourne,Collingwood,SCG
2024,2024_13,Round 14,Melbourne,Gold Coast Suns,GMHBA Stadium
2024,2024_14,Round 15,Western Bulldogs,Geelong,Gabba
2024,2024_15,Round 16,Hawthorn,Melbourne,TIO Stadium
2024,2024_16,Round 17,Brisbane Lions,Geelong,Manuka Oval
2024,2024_17,Round 18,St Kilda,West Coast Eagles,Manuka Oval
2024,2024_18,Round 19,Fremantle,Collingwood,Manuka Oval
2024,2024_19,Round 20,Port Adelaide,West Coast Eagles,SCG
2024,2024_20,Round 21,West Coast Eagles,Carlton,Manuka Oval
2024,2024_21,Round 22,North Melbourne,Hawthorn,Blundstone Arena
2024,2024_22,Round 23,Port Adelaide,Richmond,MCG
2024,2024_23,Round 1,Melbourne,Essendon,TIO Stadium
2024,2024_24,Round 2,Richmond,Collingwood,TIO Stadium
2024,2024_25,Round 3,Western Bulldogs,Geelong,Gabba
2024,2024_26,Round 4,Gold Coast Suns,Port Adelaide,MCG
2024,2024_27,Round 5,North Melbourne,Western Bulldogs,GMHBA Stadium
2024,2024_28,Round 6,Port Adelaide,Essendon,MCG
2024,2024_29,Round 7,Collingwood,Melbourne,MCG
2024,2024_30,Round 8,Fremantle,Hawthorn,Gabba
2024,2024_31,Round 9,Carlton,Adelaide Crows,GMHBA Stadium
2024,2024_32,Round 10,Hawthorn,St Kilda,Gabba
2024,2024_33,Round 11,St Kilda,Essendon,Manuka Oval
2024,2024_34,Round 12,Brisbane Lions,Carlton,Adelaide Oval
2024,2024_35,Round 13,Port Adelaide,Gold Coast Suns,MCG
2024,2024_36,Round 14,Hawthorn,Carlton,GMHBA Stadium
2024,2024_37,Round 15,Port Adelaide,Richmond,GMHBA Stadium
2024,2024_38,Round 16,Melbourne,Fremantle,SCG
2024,2024_39,Round 17,Brisbane Lions,St Kilda,MCG
2024,2024_40,Round 18,Carlton,Collingwood,MCG
2024,2024_41,Round 19,Melbourne,Richmond,Manuka Oval
2024,2024_42,Round 20,Adelaide Crows,Western Bulldogs,Manuka Oval
2024,2024_43,Round 21,GWS Giants,Collingwood,Gabba
2024,2024_44,Round 22,Essendon,Adelaide Crows,Marvel Stadium
2024,2024_45,Round 23,St Kilda,Melbourne,TIO Stadium
2024,2024_46,Round 1,Gold Coast Suns,Port Adelaide,Marvel Stadium
2024,2024_47,Round 2,Port Adelaide,Essendon,Marvel Stadium
2024,2024_48,Round 3,Adelaide Crows,Geelong,SCG
2024,2024_49,Round 4,North Melbourne,Western Bulldogs,Manuka Oval
2024,2024_50,Round 5,West Coast Eagles,Adelaide Crows,MCG
2024,2024_51,Round 6,Adelaide Crows,Sydney Swans,SCG
2024,2024_52,Round 7,Western Bulldogs,Essendon,Metricon Stadium
2024,2024_53,Round 8,Collingwood,Richmond,Manuka Oval
2024,2024_54,Round 9,West Coast Eagles,North Melbourne,Blundstone Arena
2024,2024_55,Round 10,Carlton,Hawthorn,Adelaide Oval
2024,2024_56,Round 11,Hawthorn,Essendon,SCG
2024,2024_57,Round 12,Adelaide Crows,GWS Giants,Metricon Stadium
2024,2024_58,Round 13,Fremantle,Geelong,GMHBA Stadium
2024,2024_59,Round 14,GWS Giants,Brisbane Lions,Gabba
2024,2024_60,Round 15,St Kilda,Gold Coast Suns,Gabba
2024,2024_61,Round 16,Sydney Swans,Adelaide Crows,Gabba
2024,2024_62,Round 17,Sydney Swans,GWS Giants,TIO Stadium
2024,2024_63,Round 18,Port Adelaide,Collingwood,Adelaide Oval
2024,2024_64,Round 19,North Melbourne,Carlton,Blundstone Arena
2024,2024_65,Round 20,Port Adelaide,GWS Giants,Manuka Oval
2024,2024_66,Round 21,Brisbane Lions,West Coast Eagles,GMHBA Stadium
2024,2024_67,Round 22,Essendon,Fremantle,Marvel Stadium
2024,2024_68,Round 23,Geelong,GWS Giants,Gabba
2024,2024_69,Round 1,St Kilda,GWS Giants,Marvel Stadium
2024,2024_70,Round 2,Carlton,Adelaide Crows,Adelaide Oval
2024,2024_71,Round 3,Carlton,Collingwood,Marvel Stadium
2024,2024_72,Round 4,Gold Coast Suns,Geelong,Blundstone Arena
2024,2024_73,Round 5,Sydney Swans,Western Bulldogs,TIO Stadium
2024,2024_74,Round 6,Port Adelaide,North Melbourne,Adelaide Oval
2024,2024_75,Round 7,North Melbourne,Essendon,Adelaide Oval
2024,2024_76,Round 8,Adelaide Crows,Gold Coast Suns,SCG
2024,2024_77,Round 9,West Coast Eagles,Collingwood,GMHBA Stadium
2024,2024_78,Round 10,Port Adelaide,Western Bulldogs,Metricon Stadium
2024,2024_79,Round 11,Fremantle,Western Bulldogs,TIO Stadium
2024,2024_80,Round 12,GWS Giants,Western Bulldogs,MCG
2024,2024_81,Round 13,Melbourne,Port Adelaide,Gabba
2024,2024_82,Round 14,Sydney Swans,West Coast Eagles,GMHBA Stadium
2024,2024_83,Round 15,Sydney Swans,Western Bulldogs,SCG
2024,2024_84,Round 16,Brisbane Lions,Fremantle,Adelaide Oval
2024,2024_85,Round 17,West Coast Eagles,St Kilda,GMHBA Stadium
2024,2024_86,Round 18,Western Bulldogs,West Coast Eagles,MCG
2024,2024_87,Round 19,North Melbourne,Fremantle,MCG
2024,2024_88,Round 20,Richmond,Fremantle,Manuka Oval
2024,2024_89,Round 21,West Coast Eagles,GWS Giants,Gabba
2024,2024_90,Round 22,GWS Giants,Gold Coast Suns,GMHBA Stadium
2024,2024_91,Round 23,Carlton,St Kilda,Manuka Oval
2024,2024_92,Round 1,Adelaide Crows,Collingwood,MCG
2024,2024_93,Round 2,Fremantle,GWS Giants,Gabba
2024,2024_94,Round 3,Richmond,West Coast Eagles,Manuka Oval
2024,2024_95,Round 4,North Melbourne,GWS Giants,Adelaide Oval
2024,2024_96,Round 5,Essendon,Gold Coast Suns,Metricon Stadium
2024,2024_97,Round 6,Gold Coast Suns,GWS Giants,Marvel Stadium
2024,2024_98,Round 7,Collingwood,Sydney Swans,GMHBA Stadium
2024,2024_99,Round 8,West Coast Eagles,North Melbourne,Adelaide Oval
2024,2024_100,Round 9,Richmond,West Coast Eagles,Manuka Oval
2024,2024_101,Round 10,GWS Giants,Richmond,SCG
2024,2024_102,Round 11,West Coast Eagles,GWS Giants,Blundstone Arena
2024,2024_103,Round 12,GWS Giants,Geelong,TIO Stadium
2024,2024_104,Round 13,Hawthorn,Carlton,Blundstone Arena
2024,2024_105,Round 14,Geelong,Fremantle,SCG
2024,2024_106,Round 15,Richmond,Western Bulldogs,Gabba
2024,2024_107,Round 16,Sydney Swans,Geelong,GMHBA Stadium
2024,2024_108,Round 17,Brisbane Lions,GWS Giants,Blundstone Arena
2024,2024_109,Round 18,Essendon,St Kilda,GMHBA Stadium
2024,2024_110,Round 19,West Coast Eagles,Adelaide Crows,Manuka Oval
2024,2024_111,Round 20,North Melbourne,Port Adelaide,SCG
2024,2024_112,Round 21,Sydney Swans,Adelaide Crows,GMHBA Stadium
2024,2024_113,Round 22,Geelong,Hawthorn,MCG
2024,2024_114,Round 23,North Melbourne,Western Bulldogs,Manuka Oval
2024,2024_115,Round 1,North Melbourne,Geelong,Gabba
2024,2024_116,Round 2,Hawthorn,Carlton,GMHBA Stadium
2024,2024_117,Round 3,Richmond,Carlton,MCG
2024,2024_118,Round 4,North Melbourne,Geelong,Marvel Stadium
2024,2024_119,Round 5,Western Bulldogs,Port Adelaide,MCG
2024,2024_120,Round 6,Sydney Swans,Carlton,GMHBA Stadium
2024,2024_121,Round 7,GWS Giants,Melbourne,TIO Stadium
2024,2024_122,Round 8,Melbourne,Hawthorn,Marvel Stadium
2024,2024_123,Round 9,Sydney Swans,Geelong,Manuka Oval
2024,2024_124,Round 10,Essendon,Western Bulldogs,Marvel Stadium
2024,2024_125,Round 11,North Melbourne,Geelong,Blundstone Arena
2024,2024_126,Round 12,West Coast Eagles,Adelaide Crows,GMHBA Stadium
2024,2024_127,Round 13,Gold Coast Suns,St Kilda,GMHBA Stadium
2024,2024_128,Round 14,Essendon,Melbourne,Metricon Stadium
2024,2024_129,Round 15,Sydney Swans,Fremantle,Manuka Oval
2024,2024_130,Round 16,Collingwood,West Coast Eagles,Gabba
2024,2024_131,Round 17,West Coast Eagles,Western Bulldogs,Blundstone Arena
2024,2024_132,Round 18,Collingwood,Essendon,TIO Stadium
2024,2024_133,Round 19,Sydney Swans,Adelaide Crows,SCG
2024,2024_134,Round 20,Port Adelaide,Gold Coast Suns,SCG
2024,2024_135,Round 21,GWS Giants,Melbourne,Metricon Stadium
2024,2024_136,Round 22,Melbourne,Adelaide Crows,Adelaide Oval
2024,2024_137,Round 23,Fremantle,Brisbane Lions,Adelaide Oval
2024,2024_138,Round 1,Essendon,North Melbourne,Metricon Stadium
2024,2024_139,Round 2,Geelong,Western Bulldogs,Blundstone Arena
2024,2024_140,Round 3,Port Adelaide,North Melbourne,Gabba
2024,2024_141,Round 4,Richmond,Essendon,Metricon Stadium
2024,2024_142,Round 5,Western Bulldogs,St Kilda,TIO Stadium
2024,2024_143,Round 6,Brisbane Lions,GWS Giants,GMHBA Stadium
2024,2024_144,Round 7,Essendon,Fremantle,Gabba
2024,2024_145,Round 8,Geelong,North Melbourne,SCG
2024,2024_146,Round 9,Collingwood,St Kilda,MCG
2024,2024_147,Round 10,Essendon,Geelong,Manuka Oval
2024,2024_148,Round 11,Essendon,West Coast Eagles,SCG
2024,2024_149,Round 12,Gold Coast Suns,North Melbourne,Blundstone Arena
2024,2024_150,Round 13,Brisbane Lions,St Kilda,TIO Stadium
2024,2024_151,Round 14,Essendon,St Kilda,SCG
2024,2024_152,Round 15,Sydney Swans,Richmond,Manuka Oval
2024,2024_153,Round 16,Adelaide Crows,Melbourne,GMHBA Stadium
2024,2024_154,Round 17,Western Bulldogs,Essendon,MCG
2024,2024_155,Round 18,Carlton,Richmond,GMHBA Stadium
2024,2024_156,Round 19,Sydney Swans,Gold Coast Suns,Gabba
2024,2024_157,Round 20,Port Adelaide,Sydney Swans,Gabba
2024,2024_158,Round 21,West Coast Eagles,Geelong,Gabba
2024,2024_159,Round 22,Gold Coast Suns,West Coast Eagles,Blundstone Arena
2024,2024_160,Round 23,North Melbourne,Adelaide Crows,Gabba
2024,2024_161,Round 1,St Kilda,Gold Coast Suns,SCG
2024,2024_162,Round 2,Western Bulldogs,Collingwood,TIO Stadium
2024,2024_163,Round 3,West Coast Eagles,Melbourne,TIO Stadium
2024,2024_164,Round 4,Geelong,GWS Giants,TIO Stadium
2024,2024_165,Round 5,Essendon,Gold Coast Suns,Manuka Oval
2024,2024_166,Round 6,Adelaide Crows,Gold Coast Suns,Marvel Stadium
2024,2024_167,Round 7,Collingwood,GWS Giants,Manuka Oval
2024,2024_168,Round 8,GWS Giants,Collingwood,TIO Stadium
2024,2024_169,Round 9,Sydney Swans,Richmond,GMHBA Stadium
2024,2024_170,Round 10,Brisbane Lions,Sydney Swans,SCG
2024,2024_171,Round 11,Gold Coast Suns,Sydney Swans,SCG
2024,2024_172,Round 12,North Melbourne,GWS Giants,GMHBA Stadium
2024,2024_173,Round 13,Essendon,Fremantle,SCG
2024,2024_174,Round 14,Geelong,North Melbourne,MCG
2024,2024_175,Round 15,Richmond,GWS Giants,GMHBA Stadium
2024,2024_176,Round 16,Sydney Swans,St Kilda,Marvel Stadium
2024,2024_177,Round 17,Carlton,Western Bulldogs,Gabba
2024,2024_178,Round 18,North Melbourne,Essendon,Gabba
2024,2024_179,Round 19,Fremantle,Brisbane Lions,GMHBA Stadium
2024,2024_180,Round 20,Brisbane Lions,Sydney Swans,Metricon Stadium
2024,2024_181,Round 21,Fremantle,North Melbourne,Manuka Oval
2024,2024_182,Round 22,St Kilda,Richmond,Adelaide Oval
2024,2024_183,Round 23,Sydney Swans,Western Bulldogs,SCG
2024,2024_184,Round 1,Melbourne,Carlton,GMHBA Stadium
2024,2024_185,Round 2,North Melbourne,Port Adelaide,MCG
2024,2024_186,Round 3,Brisbane Lions,Melbourne,MCG
2024,2024_187,Round 4,North Melbourne,Collingwood,TIO Stadium
2024,2024_188,Round 5,North Melbourne,Fremantle,GMHBA Stadium
2024,2024_189,Round 6,Melbourne,North Melbourne,Gabba
2024,2024_190,Round 7,Hawthorn,Sydney Swans,Metricon Stadium
2024,2024_191,Round 8,Hawthorn,Richmond,SCG
2024,2024_192,Round 9,Adelaide Crows,Collingwood,MCG
2024,2024_193,Round 10,Adelaide Crows,Essendon,MCG
2024,2024_194,Round 11,Western Bulldogs,St Kilda,GMHBA Stadium
2024,2024_195,Round 12,Richmond,Geelong,Metricon Stadium
2024,2024_196,Round 13,Port Adelaide,GWS Giants,Blundstone Arena
2024,2024_197,Round 14,Richmond,Carlton,Blundstone Arena
2024,2024_198,Round 15,Geelong,Richmond,GMHBA Stadium
2024,2024_199,Round 16,GWS Giants,Collingwood,MCG
